INSERT INTO customer (id, first_name, last_name, email, phone_number, address)
VALUES ('c000000001', 'อัครพล', 'พลายใย', 'akrapon.p@ku.th', '0123456789', 'กรุงเทพ'),
       ('c000000002', 'พิชญ์ชนก', 'คงสมปรีดิ์', 'pichanok.k@ku.th', '0000011111', 'กรุงเทพ'),
       ('c000000003', 'ไชยภัทร', 'ศรีอำไพ', 'chaiyapat.sr@ku.th', '1133557799', 'กรุงเทพ'),
       ('c000000004', 'มรฆป', 'เฮงประเสริฐ', 'moradop.h@ku.th', '9876543210', 'กรุงเทพ'),
       ('c000000005', 'คณิศร', 'ศรีสว่าง', 'khanisorn.sr@ku.th', '9999988888', 'กรุงเทพ');

INSERT INTO employee (id, first_name, last_name, sex, email, phone_number, role, address, password)
VALUES ('e000000000', 'ADMIN', 'ADMIN', 'FEMALE', 'admin@gmail.com', '0000000000', 'ADMIN', 'ตราด', 'admin1234'),
       ('e000000001', 'กิตติธัช', 'เข่งพิมล', 'MALE', 'kittitat.ke@ku.th', '5555544444', 'HR', 'กรุงเทพ',
        'hr123456'),
       ('e000000002', 'ปณิธาน', 'จำปาหอม', 'MALE', 'panithan.cha@ku.th', '3333322222', 'SALE_MANAGER', 'กรุงเทพ',
        'sm123456'),
       ('e000000003', 'ภาณุวิชญ์', 'สังข์ธูป', 'MALE', 'panuwit.sun@ku.th', '1919191919', 'MANAGER', 'กรุงเทพ',
        'm1234567'),
       ('e000000004', 'อลงกรณ์', 'พิชิตวิทยา', 'MALE', 'alongkorn.pi@ku.th', '3737373737', 'DRIVER', 'กรุงเทพ',
        'd1234567'),
       ('e000000005', 'Se', 'Seraphine', 'FEMALE', 'seraphine@gmail.com', '8073827298', 'DRIVER', 'Zaun',
        'Se7538618'),
       ('e000000006', 'Py', 'Pyke', 'MALE', 'pyke@gmail.com', '6040489891', 'DRIVER', 'BilgeWater', 'Py4841842'),
       ('e000000007', 'Vie', 'Viego', 'MALE', 'viego@gmail.com', '1703504060', 'DRIVER', 'Camavor', 'Vie948796'),
       ('e000000008', 'Aka', 'Akali', 'FEMALE', 'akali@gmail.com', '2170833522', 'DRIVER', 'Ionia', 'Ak1246537');


INSERT INTO delivery (id, customer_id, created_date, delivered_date, item_type, destination, sent_detail_status,
                      all_product_count)
VALUES ('d000000001', 'c000000001', '2024-10-26', '2024-10-30', 'เครื่องจักร', 'พะเยา', 'TODO', 20),
       ('d000000002', 'c000000001', null, '2024-10-30', 'เครื่องจักรขนาดใหญ่', 'เชียงใหม่', 'TODO', 10),
       ('d000000003', 'c000000005', '2024-10-26', '2024-10-30', 'พาหนะ', 'สกลนคร', 'FIN', 0),
       ('d000000004', 'c000000002', '2024-10-26', '2024-10-30', 'เครื่องใช้ไฟฟ้า', 'นครพนม', 'FIN', 40),
       ('d000000005', 'c000000004', '2024-10-26', '2024-10-30', 'เครื่องมือเกษตร', 'เชียงราย', 'TODO', 0);

INSERT INTO product (id, notice_id, delivery_id, item_count, item_detail)
VALUES ('p000000001', null, 'd000000001', 20, 'ตู้เย็น'),
       ('p000000002', null, 'd000000002', 10, 'เครื่องบิน'),
       ('p000000003', null, 'd000000003', 40, 'รถไถ'),
       ('p000000004', null, 'd000000004', 40, 'รถไฟ'),
       ('p000000005', null, 'd000000005', 30, 'เครื่องบด');

UPDATE product
SET notice_id = 'n000000003'
WHERE id = 'p000000001';
UPDATE product
SET notice_id = 'n000000001'
WHERE id = 'p000000003';
UPDATE product
SET notice_id = 'n000000001'
WHERE id = 'p000000004';
UPDATE product
SET notice_id = 'n000000004'
WHERE id = 'p000000005';

INSERT INTO car (car_registration, driver_id, oil_type, finish_used, car_type)
VALUES ('กก-1234 กรุงเทพมหานคร', 'e000000004', 'ดีเซล B20', '2024-10-30', 'รถสไลด์ 10 ล้อ'),
       ('กข-4567 กรุงเทพมหานคร', 'e000000005', 'ดีเซลพรีเมี่ยม', '2024-10-30', 'โลเบท 8 เพลา'),
       ('งง-5555 ตรัง', 'e000000006', 'แก๊สโซฮอล์ E85', '2024-10-30', 'ดอลลี่'),
       ('นก-4664 พะเยา', 'e000000007', 'แก๊สโซฮอล์ 95', '2024-10-30', '6 ล้อ'),
       ('กบ-9999 กรุงเทพมหานคร', 'e000000008', 'แก๊สโซฮอล์ 95', '2024-10-30', '6 ล้อ');

INSERT INTO notice (id, delivery_id, driver_id, car_registration, start_work_date, complete_status)
VALUES ('n000000001', 'd000000001', 'e000000004', 'กก-1234 กรุงเทพมหานคร', '2024-10-27', 'INCOMPLETE'),
       ('n000000002', 'd000000003', 'e000000005', 'กข-4567 กรุงเทพมหานคร', '2024-10-27', 'INCOMPLETE'),
       ('n000000003', 'd000000005', 'e000000006', 'งง-5555 ตรัง', '2024-10-27', 'INCOMPLETE'),
       ('n000000004', 'd000000003', 'e000000007', 'นก-4664 พะเยา', '2024-10-27', 'INCOMPLETE'),
       ('n000000005', 'd000000003', 'e000000008', 'กบ-9999 กรุงเทพมหานคร', '2024-10-27', 'INCOMPLETE');

INSERT INTO route_problem (route_problem_id, province, district, road_name, reporter_id, problem_topic, problem_detail,
                           reported_date)
VALUES ('r000000001', 'นนทบุรี', 'บางกร่าง', 'ถนนทางหลวง หมายเลข-3051', 'e000000003', 'ถนนพัง', 'ระวังดีๆนะอ้าย',
        '2024-10-28'),
       ('r000000002', 'นนทบุรี', 'บางกร่าง', 'ถนนทางหลวง หมายเลข-3051', 'e000000001', 'ระเบิดลง', 'หนี้ดิไอ้เหี้ยรอไร',
        '2024-10-28'),
       ('r000000003', 'นนทบุรี', 'บางกร่าง', 'ถนนทางหลวง หมายเลข-3051', 'e000000002', 'อุกกาบาตตก', 'To The Moon น้องๆ',
        '2024-10-28'),
       ('r000000004', 'นนทบุรี', 'บางกร่าง', 'ถนนทางหลวง หมายเลข-3051', 'e000000004', 'สึนามิ', 'น้องรู้จักอวาแมนป่ะ',
        '2024-10-28'),
       ('r000000005', 'นนทบุรี', 'บางกร่าง', 'ถนนทางหลวง หมายเลข-3051', 'e000000005', 'รถของเล่นชนกัน', 'ควยยย',
        '2024-10-28'),
       ('r000000006', 'กรุงเทพมหานคร', 'บางเขน', 'ถนนทางหลวง หมายเลข-1000', 'e000000004', 'หลุมดำ',
        'ได้เวลาออกเดินทางแล้ว สหาย',
        '2024-10-28'),
       ('r000000007', 'กรุงเทพ', 'บางเขน', 'ถนนทางหลวง หมายเลข-1000', 'e000000005', 'หมูเด้ง', 'จับทอดดิน้อง',
        '2024-10-28');

INSERT INTO counter (table_name, counter)
VALUES ('customer', 5),
       ('employee', 9),
       ('delivery', 3),
       ('product', 6),
       ('car', 2),
       ('notice', 4),
       ('route_problem', 7),
       ('bill', 0);

